<?xml version="1.0" encoding="UTF-8"?>
<root>
  <item name="com.gw.swipeback.SwipeBackLayout void setDirectionMode(int) 0">
    <annotation name="android.support.annotation.IntDef">
      <val name="value" val="{com.gw.swipeback.SwipeBackLayout.FROM_LEFT, com.gw.swipeback.SwipeBackLayout.FROM_TOP, com.gw.swipeback.SwipeBackLayout.FROM_RIGHT, com.gw.swipeback.SwipeBackLayout.FROM_BOTTOM}" />
    </annotation>
  </item>
  <item name="com.gw.swipeback.SwipeBackLayout.DirectionMode">
    <annotation name="android.support.annotation.IntDef">
      <val name="value" val="{com.gw.swipeback.SwipeBackLayout.FROM_LEFT, com.gw.swipeback.SwipeBackLayout.FROM_TOP, com.gw.swipeback.SwipeBackLayout.FROM_RIGHT, com.gw.swipeback.SwipeBackLayout.FROM_BOTTOM}" />
    </annotation>
  </item>
</root>

